t_s,episode,target.shoulder_pan.pos,target.shoulder_lift.pos,target.elbow_flex.pos,target.wrist_flex.pos,target.wrist_roll.pos,target.gripper.pos,sent.shoulder_pan.pos,sent.shoulder_lift.pos,sent.elbow_flex.pos,sent.wrist_flex.pos,sent.wrist_roll.pos,sent.gripper.pos,gripper_actual
0.190,0,-5.636845588684082,-99.80552673339844,92.14147186279297,71.49473571777344,-5.2893829345703125,0.30548095703125,-5.3076923076923075,-99.80552673339844,92.14147186279297,71.49473571777344,-2.0549450549450547,0.30548095703125,0.7827788649706457
0.208,0,-5.629899978637695,-99.90497589111328,92.20088195800781,71.2952880859375,-5.6006927490234375,0.31580543518066406,-5.3076923076923075,-99.90497589111328,92.20088195800781,71.2952880859375,-2.0549450549450547,0.31580543518066406,0.7827788649706457
0.244,0,-5.952216148376465,-99.69252014160156,92.01298522949219,71.88336944580078,-5.062713623046875,0.174530029296875,-5.483516483516484,-99.69252014160156,92.01298522949219,71.88336944580078,-2.4065934065934065,0.174530029296875,0.7827788649706457
0.283,0,-6.127918243408203,-99.7216567993164,91.95979309082031,72.13827514648438,-4.5202178955078125,0.1843433380126953,-6.127918243408203,-99.7216567993164,91.95979309082031,72.13827514648438,-4.428571428571429,0.1843433380126953,0.7827788649706457
0.319,0,-6.256574630737305,-99.63121795654297,91.96803283691406,71.94424438476562,-5.320556640625,0.16498184204101562,-6.256574630737305,-99.63121795654297,91.96803283691406,71.94424438476562,-5.320556640625,0.16498184204101562,0.7827788649706457
0.345,0,-6.423181533813477,-99.79248809814453,91.97836303710938,72.05620574951172,-5.292762756347656,0.15691375732421875,-6.423181533813477,-99.79248809814453,91.97836303710938,72.05620574951172,-5.292762756347656,0.15691375732421875,0.7827788649706457
0.383,0,-6.411455154418945,-99.65232849121094,92.00274658203125,71.81724548339844,-6.079841613769531,0.13472366333007812,-6.411455154418945,-99.65232849121094,92.00274658203125,71.81724548339844,-6.079841613769531,0.13472366333007812,0.7827788649706457
0.411,0,-6.487566947937012,-99.63732147216797,91.98138427734375,71.909423828125,-5.897132873535156,0.14507293701171875,-6.487566947937012,-99.63732147216797,91.98138427734375,71.909423828125,-5.897132873535156,0.14507293701171875,0.7827788649706457
0.449,0,-6.491433143615723,-99.55155944824219,92.01710510253906,71.67658233642578,-6.4922027587890625,0.14679527282714844,-6.491433143615723,-99.55155944824219,92.01710510253906,71.67658233642578,-6.4922027587890625,0.14679527282714844,0.7827788649706457
0.478,0,-6.497158050537109,-99.70441436767578,92.00935363769531,71.82768249511719,-6.284324645996094,0.1475658416748047,-6.497158050537109,-99.70441436767578,92.00935363769531,71.82768249511719,-6.284324645996094,0.1475658416748047,0.7827788649706457
0.515,0,-6.396389961242676,-99.62355041503906,92.1207046508789,71.30656433105469,-7.236076354980469,0.13865280151367188,-6.396389961242676,-99.62355041503906,92.1207046508789,71.30656433105469,-7.236076354980469,0.13865280151367188,0.7827788649706457
0.545,0,-6.518881797790527,-99.61174011230469,92.03652954101562,71.64765930175781,-6.652320861816406,0.14885520935058594,-6.518881797790527,-99.61174011230469,92.03652954101562,71.64765930175781,-6.652320861816406,0.14885520935058594,0.7827788649706457
0.583,0,-6.418058395385742,-99.51663970947266,92.0703125,71.36700439453125,-7.237342834472656,0.15690040588378906,-6.418058395385742,-99.51663970947266,92.0703125,71.36700439453125,-7.237342834472656,0.15690040588378906,0.7827788649706457
0.615,0,-6.4536848068237305,-99.66616821289062,92.09056091308594,71.45458221435547,-6.9656982421875,0.1371288299560547,-6.4536848068237305,-99.66616821289062,92.09056091308594,71.45458221435547,-6.9656982421875,0.1371288299560547,0.7827788649706457
0.652,0,-6.405801773071289,-99.56258392333984,92.11404418945312,71.2158203125,-7.4326171875,0.14940452575683594,-6.405801773071289,-99.56258392333984,92.11404418945312,71.2158203125,-7.4326171875,0.14940452575683594,0.7827788649706457
0.677,0,-6.458468437194824,-99.55599975585938,92.06391906738281,71.43643188476562,-7.05126953125,0.15388870239257812,-6.458468437194824,-99.55599975585938,92.06391906738281,71.43643188476562,-7.05126953125,0.15388870239257812,0.7827788649706457
0.714,0,-6.46025276184082,-99.4896240234375,92.06317901611328,71.4281997680664,-7.410888671875,0.13440322875976562,-6.46025276184082,-99.4896240234375,92.06317901611328,71.4281997680664,-7.410888671875,0.13440322875976562,0.7827788649706457
0.752,0,-6.418874740600586,-99.66857147216797,92.13409423828125,71.24800109863281,-7.323455810546875,0.15618133544921875,-6.418874740600586,-99.66857147216797,92.13409423828125,71.24800109863281,-7.323455810546875,0.15618133544921875,0.7827788649706457
0.781,0,-6.408879280090332,-99.56168365478516,92.11071014404297,71.31573486328125,-7.4273681640625,0.12651634216308594,-6.408879280090332,-99.56168365478516,92.11071014404297,71.31573486328125,-7.4273681640625,0.12651634216308594,0.7827788649706457
0.818,0,-6.456103324890137,-99.5528793334961,92.07766723632812,71.42074584960938,-7.1664581298828125,0.14329910278320312,-6.456103324890137,-99.5528793334961,92.07766723632812,71.42074584960938,-7.1664581298828125,0.14329910278320312,0.7827788649706457
0.847,0,-6.4775800704956055,-99.48161315917969,92.05833435058594,71.43924713134766,-7.315757751464844,0.13647842407226562,-6.4775800704956055,-99.48161315917969,92.05833435058594,71.43924713134766,-7.315757751464844,0.13647842407226562,0.7827788649706457
0.886,0,-6.424988746643066,-99.67710876464844,92.08981323242188,71.47373962402344,-7.0139007568359375,0.1365184783935547,-6.424988746643066,-99.67710876464844,92.08981323242188,71.47373962402344,-7.0139007568359375,0.1365184783935547,0.7827788649706457
0.912,0,-6.389348983764648,-99.56169128417969,92.0953140258789,71.35330963134766,-7.328895568847656,0.1294727325439453,-6.389348983764648,-99.56169128417969,92.0953140258789,71.35330963134766,-7.328895568847656,0.1294727325439453,0.7827788649706457
0.954,0,-6.526571273803711,-99.55770874023438,92.05180358886719,71.55754852294922,-6.984046936035156,0.12838172912597656,-6.526571273803711,-99.55770874023438,92.05180358886719,71.55754852294922,-6.984046936035156,0.12838172912597656,0.7827788649706457
0.981,0,-6.421195983886719,-99.4753646850586,92.09845733642578,71.19883728027344,-7.6169281005859375,0.14758682250976562,-6.421195983886719,-99.4753646850586,92.09845733642578,71.19883728027344,-7.6169281005859375,0.14758682250976562,0.7827788649706457
1.023,0,-6.3676300048828125,-99.65984344482422,92.15426635742188,71.15113067626953,-7.4266357421875,0.1515483856201172,-6.3676300048828125,-99.65984344482422,92.15426635742188,71.15113067626953,-7.4266357421875,0.1515483856201172,0.7827788649706457
1.046,0,-6.354104995727539,-99.56672668457031,92.14190673828125,71.12909698486328,-7.6806793212890625,0.1375102996826172,-6.354104995727539,-99.56672668457031,92.14190673828125,71.12909698486328,-7.6806793212890625,0.1375102996826172,0.7827788649706457
1.098,0,-6.4273881912231445,-99.55106353759766,92.0838851928711,71.36360168457031,-7.229644775390625,0.14928436279296875,-6.4273881912231445,-99.55106353759766,92.0838851928711,71.36360168457031,-7.229644775390625,0.14928436279296875,0.7827788649706457
1.116,0,-6.44858455657959,-99.48372650146484,92.05281829833984,71.4326400756836,-7.396034240722656,0.1359710693359375,-6.44858455657959,-99.48372650146484,92.05281829833984,71.4326400756836,-7.396034240722656,0.1359710693359375,0.7827788649706457
1.154,0,-6.393332481384277,-99.66252136230469,92.12569427490234,71.24480438232422,-7.353370666503906,0.1555919647216797,-6.393332481384277,-99.66252136230469,92.12569427490234,71.24480438232422,-7.353370666503906,0.1555919647216797,0.7827788649706457
1.191,0,-6.399859428405762,-99.54226684570312,92.09343719482422,71.35090637207031,-7.484123229980469,0.12886619567871094,-6.399859428405762,-99.54226684570312,92.09343719482422,71.35090637207031,-7.484123229980469,0.12886619567871094,0.7827788649706457
1.223,0,-6.509157180786133,-99.54197692871094,92.04411315917969,71.56239318847656,-7.062934875488281,0.13294410705566406,-6.509157180786133,-99.54197692871094,92.04411315917969,71.56239318847656,-7.062934875488281,0.13294410705566406,0.7827788649706457
1.258,0,-6.378403663635254,-99.46745300292969,92.1193618774414,71.10400390625,-7.828376770019531,0.14780044555664062,-6.378403663635254,-99.46745300292969,92.1193618774414,71.10400390625,-7.828376770019531,0.14780044555664062,0.7827788649706457
1.287,0,-6.381548881530762,-99.54004669189453,92.14227294921875,71.07785034179688,-7.811958312988281,0.13745689392089844,-6.381548881530762,-99.54004669189453,92.14227294921875,71.07785034179688,-7.811958312988281,0.13745689392089844,0.7827788649706457
1.320,0,-6.383013725280762,-99.55152130126953,92.1571044921875,71.04405212402344,-7.9398345947265625,0.12855148315429688,-6.383013725280762,-99.55152130126953,92.1571044921875,71.04405212402344,-7.9398345947265625,0.12855148315429688,0.7827788649706457
1.354,0,-6.454680442810059,-99.52527618408203,92.07731628417969,71.34701538085938,-7.3609466552734375,0.14461517333984375,-6.454680442810059,-99.52527618408203,92.07731628417969,71.34701538085938,-7.3609466552734375,0.14461517333984375,0.7827788649706457
1.387,0,-6.37580680847168,-99.65332794189453,92.15898132324219,71.1205825805664,-7.604644775390625,0.15313720703125,-6.37580680847168,-99.65332794189453,92.15898132324219,71.1205825805664,-7.604644775390625,0.15313720703125,0.7827788649706457
1.421,0,-6.356379508972168,-99.63383483886719,92.17848205566406,71.0223617553711,-7.641143798828125,0.15609169006347656,-6.356379508972168,-99.63383483886719,92.17848205566406,71.0223617553711,-7.641143798828125,0.15609169006347656,0.7827788649706457
1.456,0,-6.458475112915039,-99.53722381591797,92.09121704101562,71.38345336914062,-7.4069976806640625,0.12314033508300781,-6.458475112915039,-99.53722381591797,92.09121704101562,71.38345336914062,-7.4069976806640625,0.12314033508300781,0.7827788649706457
1.486,0,-6.467062950134277,-99.44156646728516,92.085693359375,71.29325103759766,-7.7499237060546875,0.12369155883789062,-6.467062950134277,-99.44156646728516,92.085693359375,71.29325103759766,-7.7499237060546875,0.12369155883789062,0.7827788649706457
1.524,0,-6.45787239074707,-99.45001983642578,92.09988403320312,71.262939453125,-7.829902648925781,0.12355232238769531,-6.45787239074707,-99.45001983642578,92.09988403320312,71.262939453125,-7.829902648925781,0.12355232238769531,0.7827788649706457
1.552,0,-6.459831237792969,-99.52378845214844,92.12325286865234,71.242431640625,-7.913993835449219,0.11230850219726562,-6.459831237792969,-99.52378845214844,92.12325286865234,71.242431640625,-7.913993835449219,0.11230850219726562,0.7827788649706457
1.592,0,-6.497170448303223,-99.54326629638672,92.0693588256836,71.47364044189453,-7.376380920410156,0.12030029296875,-6.497170448303223,-99.54326629638672,92.0693588256836,71.47364044189453,-7.376380920410156,0.12030029296875,0.7827788649706457
1.619,0,-6.419375419616699,-99.45606231689453,92.10238647460938,71.24667358398438,-7.8471527099609375,0.12425994873046875,-6.419375419616699,-99.45606231689453,92.10238647460938,71.24667358398438,-7.8471527099609375,0.12425994873046875,0.7827788649706457
1.659,0,-6.466548919677734,-99.62167358398438,92.10648345947266,71.35233306884766,-7.421844482421875,0.12470817565917969,-6.466548919677734,-99.62167358398438,92.10648345947266,71.35233306884766,-7.421844482421875,0.12470817565917969,0.7827788649706457
1.688,0,-6.419732093811035,-99.51399993896484,92.13195037841797,71.19226837158203,-7.90185546875,0.11704635620117188,-6.419732093811035,-99.51399993896484,92.13195037841797,71.19226837158203,-7.90185546875,0.11704635620117188,0.7827788649706457
1.721,0,-6.481359481811523,-99.52627563476562,92.07111358642578,71.4494857788086,-7.29815673828125,0.12809181213378906,-6.481359481811523,-99.52627563476562,92.07111358642578,71.4494857788086,-7.29815673828125,0.12809181213378906,0.7827788649706457
1.759,0,-6.427218437194824,-99.45433044433594,92.1270751953125,71.05292510986328,-8.040542602539062,0.13301849365234375,-6.427218437194824,-99.45433044433594,92.1270751953125,71.05292510986328,-8.040542602539062,0.13301849365234375,0.7827788649706457
1.789,0,-6.405083656311035,-99.63927459716797,92.16636657714844,71.07191467285156,-7.767242431640625,0.1394786834716797,-6.405083656311035,-99.63927459716797,92.16636657714844,71.07191467285156,-7.767242431640625,0.1394786834716797,0.7827788649706457
1.824,0,-6.368595123291016,-99.52326965332031,92.14552307128906,71.1444320678711,-7.8918914794921875,0.11987495422363281,-6.368595123291016,-99.52326965332031,92.14552307128906,71.1444320678711,-7.8918914794921875,0.11987495422363281,0.7827788649706457
1.854,0,-6.456719398498535,-99.5235595703125,92.07981872558594,71.40276336669922,-7.4424285888671875,0.12563323974609375,-6.456719398498535,-99.5235595703125,92.07981872558594,71.40276336669922,-7.4424285888671875,0.12563323974609375,0.7827788649706457
1.895,0,-6.424010276794434,-99.44256591796875,92.11090850830078,71.19573211669922,-7.875984191894531,0.1265277862548828,-6.424010276794434,-99.44256591796875,92.11090850830078,71.19573211669922,-7.875984191894531,0.1265277862548828,0.7827788649706457
1.922,0,-6.41251277923584,-99.61380004882812,92.12565612792969,71.24058532714844,-7.6302337646484375,0.12288665771484375,-6.41251277923584,-99.61380004882812,92.12565612792969,71.24058532714844,-7.6302337646484375,0.12288665771484375,0.7827788649706457
1.960,0,-6.391456604003906,-99.51187133789062,92.14321899414062,71.13631439208984,-8.018341064453125,0.11629867553710938,-6.391456604003906,-99.51187133789062,92.14321899414062,71.13631439208984,-8.018341064453125,0.11629867553710938,0.7827788649706457
1.989,0,-6.458050727844238,-99.5151138305664,92.08966064453125,71.3731460571289,-7.5305938720703125,0.12215423583984375,-6.458050727844238,-99.5151138305664,92.08966064453125,71.3731460571289,-7.5305938720703125,0.12215423583984375,0.7827788649706457
2.026,0,-6.376481056213379,-99.43423461914062,92.14903259277344,70.93648529052734,-8.143959045410156,0.14191055297851562,-6.376481056213379,-99.43423461914062,92.14903259277344,70.93648529052734,-8.143959045410156,0.14191055297851562,0.7827788649706457
2.056,0,-6.346068382263184,-99.62666320800781,92.16917419433594,71.02517700195312,-7.8407745361328125,0.1421031951904297,-6.346068382263184,-99.62666320800781,92.16917419433594,71.02517700195312,-7.8407745361328125,0.1421031951904297,0.7827788649706457
2.094,0,-6.332274436950684,-99.52420806884766,92.17561340332031,70.94186401367188,-8.216690063476562,0.12740325927734375,-6.332274436950684,-99.52420806884766,92.17561340332031,70.94186401367188,-8.216690063476562,0.12740325927734375,0.7827788649706457
2.122,0,-6.470202445983887,-99.50336456298828,92.09290313720703,71.33476257324219,-7.525520324707031,0.12376213073730469,-6.470202445983887,-99.50336456298828,92.09290313720703,71.33476257324219,-7.525520324707031,0.12376213073730469,0.7827788649706457
2.160,0,-6.412147521972656,-99.44099426269531,92.11149597167969,71.17516326904297,-7.992622375488281,0.12021446228027344,-6.412147521972656,-99.44099426269531,92.11149597167969,71.17516326904297,-7.992622375488281,0.12021446228027344,0.7827788649706457
2.191,0,-6.430027008056641,-99.60067749023438,92.13214874267578,71.2204360961914,-7.6096954345703125,0.12591171264648438,-6.430027008056641,-99.60067749023438,92.13214874267578,71.2204360961914,-7.6096954345703125,0.12591171264648438,0.7827788649706457
2.222,0,-6.344693183898926,-99.51611328125,92.1693115234375,71.05431365966797,-8.139137268066406,0.11461067199707031,-6.344693183898926,-99.51611328125,92.1693115234375,71.05431365966797,-8.139137268066406,0.11461067199707031,0.7827788649706457
2.270,0,-6.431262969970703,-99.51359558105469,92.09530639648438,71.33969116210938,-7.519866943359375,0.1254596710205078,-6.431262969970703,-99.51359558105469,92.09530639648438,71.33969116210938,-7.519866943359375,0.1254596710205078,0.7827788649706457
2.288,0,-6.414609909057617,-99.44280242919922,92.11123657226562,71.18135833740234,-7.9408111572265625,0.123199462890625,-6.414609909057617,-99.44280242919922,92.11123657226562,71.18135833740234,-7.9408111572265625,0.123199462890625,0.7827788649706457
2.338,0,-6.40236759185791,-99.60882568359375,92.13764953613281,71.20160675048828,-7.685661315917969,0.122161865234375,-6.40236759185791,-99.60882568359375,92.13764953613281,71.20160675048828,-7.685661315917969,0.122161865234375,0.7827788649706457
2.356,0,-6.351415634155273,-99.53288269042969,92.18122100830078,70.9418716430664,-8.284629821777344,0.11935043334960938,-6.351415634155273,-99.53288269042969,92.18122100830078,70.9418716430664,-8.284629821777344,0.11935043334960938,0.7827788649706457
2.395,0,-6.457390785217285,-99.52383422851562,92.09513854980469,71.36282348632812,-7.5161285400390625,0.12211799621582031,-6.457390785217285,-99.52383422851562,92.09513854980469,71.36282348632812,-7.5161285400390625,0.12211799621582031,0.7827788649706457
2.429,0,-6.397041320800781,-99.44302368164062,92.14104461669922,71.00821685791016,-8.089927673339844,0.1388874053955078,-6.397041320800781,-99.44302368164062,92.14104461669922,71.00821685791016,-8.089927673339844,0.1388874053955078,0.7827788649706457
2.457,0,-6.37708854675293,-99.63084411621094,92.18864440917969,70.95204162597656,-7.950325012207031,0.1322612762451172,-6.37708854675293,-99.63084411621094,92.18864440917969,70.95204162597656,-7.950325012207031,0.1322612762451172,0.7827788649706457
2.498,0,-6.387798309326172,-99.53026580810547,92.14581298828125,71.14115142822266,-7.9296112060546875,0.11823463439941406,-6.387798309326172,-99.53026580810547,92.14581298828125,71.14115142822266,-7.9296112060546875,0.11823463439941406,0.7827788649706457
2.525,0,-6.448249816894531,-99.519775390625,92.08828735351562,71.37198638916016,-7.499565124511719,0.12334251403808594,-6.448249816894531,-99.519775390625,92.08828735351562,71.37198638916016,-7.499565124511719,0.12334251403808594,0.7827788649706457
2.563,0,-6.391096115112305,-99.43850708007812,92.12596130371094,71.04100036621094,-7.993278503417969,0.14418411254882812,-6.391096115112305,-99.43850708007812,92.12596130371094,71.04100036621094,-7.993278503417969,0.14418411254882812,0.7827788649706457
2.593,0,-6.4097394943237305,-99.61915588378906,92.11909484863281,71.28654479980469,-7.447998046875,0.13167381286621094,-6.4097394943237305,-99.61915588378906,92.11909484863281,71.28654479980469,-7.447998046875,0.13167381286621094,0.7827788649706457
2.629,0,-6.40989875793457,-99.5129623413086,92.13014221191406,71.17471313476562,-7.9085845947265625,0.11806488037109375,-6.40989875793457,-99.5129623413086,92.13014221191406,71.17471313476562,-7.9085845947265625,0.11806488037109375,0.7827788649706457
2.660,0,-6.475417137145996,-99.5162353515625,92.07827758789062,71.41345977783203,-7.4617919921875,0.12317848205566406,-6.475417137145996,-99.5162353515625,92.07827758789062,71.41345977783203,-7.4617919921875,0.12317848205566406,0.7827788649706457
2.697,0,-6.425422668457031,-99.44758605957031,92.09947204589844,71.2392807006836,-7.8853302001953125,0.124725341796875,-6.425422668457031,-99.44758605957031,92.09947204589844,71.2392807006836,-7.8853302001953125,0.124725341796875,0.7827788649706457
2.724,0,-6.3927202224731445,-99.61185455322266,92.13374328613281,71.21524047851562,-7.536628723144531,0.1277313232421875,-6.3927202224731445,-99.61185455322266,92.13374328613281,71.21524047851562,-7.536628723144531,0.1277313232421875,0.7827788649706457
2.763,0,-6.376382827758789,-99.52143859863281,92.16691589355469,70.95393371582031,-8.131912231445312,0.12446975708007812,-6.376382827758789,-99.52143859863281,92.16691589355469,70.95393371582031,-8.131912231445312,0.12446975708007812,0.7827788649706457
2.798,0,-6.470964431762695,-99.52031707763672,92.0783920288086,71.39153289794922,-7.40875244140625,0.12464523315429688,-6.470964431762695,-99.52031707763672,92.0783920288086,71.39153289794922,-7.40875244140625,0.12464523315429688,0.7827788649706457
2.827,0,-6.374569892883301,-99.44517517089844,92.14016723632812,70.9786605834961,-8.078773498535156,0.13948822021484375,-6.374569892883301,-99.44517517089844,92.14016723632812,70.9786605834961,-8.078773498535156,0.13948822021484375,0.7827788649706457
2.861,0,-6.370698928833008,-99.62262725830078,92.16758728027344,71.02214050292969,-7.831390380859375,0.1409168243408203,-6.370698928833008,-99.62262725830078,92.16758728027344,71.02214050292969,-7.831390380859375,0.1409168243408203,0.7827788649706457
2.896,0,-6.3512678146362305,-99.5224609375,92.17231750488281,70.94046020507812,-8.17303466796875,0.12564468383789062,-6.3512678146362305,-99.5224609375,92.17231750488281,70.94046020507812,-8.17303466796875,0.12564468383789062,0.7827788649706457
2.927,0,-6.463531494140625,-99.50814056396484,92.07835388183594,71.3857650756836,-7.427764892578125,0.12681961059570312,-6.463531494140625,-99.50814056396484,92.07835388183594,71.3857650756836,-7.427764892578125,0.12681961059570312,0.7827788649706457
2.962,0,-6.412561416625977,-99.44512176513672,92.10537719726562,71.21487426757812,-7.878547668457031,0.12512969970703125,-6.412561416625977,-99.44512176513672,92.10537719726562,71.21487426757812,-7.878547668457031,0.12512969970703125,0.7827788649706457
2.995,0,-6.370699882507324,-99.61644744873047,92.17015838623047,71.02226257324219,-7.852394104003906,0.13824844360351562,-6.370699882507324,-99.61644744873047,92.17015838623047,71.02226257324219,-7.852394104003906,0.13824844360351562,0.7827788649706457
3.032,0,-6.371755599975586,-99.51607513427734,92.16602325439453,71.06074523925781,-8.059989929199219,0.11559295654296875,-6.371755599975586,-99.51607513427734,92.16602325439453,71.06074523925781,-8.059989929199219,0.11559295654296875,0.7827788649706457
3.061,0,-6.487818717956543,-99.50553131103516,92.08934020996094,71.35844421386719,-7.5036163330078125,0.12322425842285156,-6.487818717956543,-99.50553131103516,92.08934020996094,71.35844421386719,-7.5036163330078125,0.12322425842285156,0.7827788649706457
3.094,0,-6.436905860900879,-99.43607330322266,92.11216735839844,71.18111419677734,-7.932403564453125,0.12444686889648438,-6.436905860900879,-99.43607330322266,92.11216735839844,71.18111419677734,-7.932403564453125,0.12444686889648438,0.7827788649706457
3.133,0,-6.367124557495117,-99.61280059814453,92.14398956298828,71.18970489501953,-7.601768493652344,0.12525558471679688,-6.367124557495117,-99.61280059814453,92.14398956298828,71.18970489501953,-7.601768493652344,0.12525558471679688,0.7827788649706457
3.164,0,-6.404339790344238,-99.52005004882812,92.13633728027344,71.17369842529297,-7.939689636230469,0.11642265319824219,-6.404339790344238,-99.52005004882812,92.13633728027344,71.17369842529297,-7.939689636230469,0.11642265319824219,0.7827788649706457
3.197,0,-6.4686994552612305,-99.52482604980469,92.08257293701172,71.39859771728516,-7.442436218261719,0.12332344055175781,-6.4686994552612305,-99.52482604980469,92.08257293701172,71.39859771728516,-7.442436218261719,0.12332344055175781,0.7827788649706457
3.227,0,-6.400783538818359,-99.45012664794922,92.10039520263672,71.23291778564453,-7.813652038574219,0.12877464294433594,-6.400783538818359,-99.45012664794922,92.10039520263672,71.23291778564453,-7.813652038574219,0.12877464294433594,0.7827788649706457
3.260,0,-6.418041229248047,-99.60809326171875,92.12580108642578,71.2379379272461,-7.5726470947265625,0.12475776672363281,-6.418041229248047,-99.60809326171875,92.12580108642578,71.2379379272461,-7.5726470947265625,0.12475776672363281,0.7827788649706457
3.304,0,-6.375777244567871,-99.51277923583984,92.14917755126953,71.10813903808594,-7.9985198974609375,0.11595344543457031,-6.375777244567871,-99.51277923583984,92.14917755126953,71.10813903808594,-7.9985198974609375,0.11595344543457031,0.7827788649706457
3.340,0,-6.468757629394531,-99.50762939453125,92.08448028564453,71.36907196044922,-7.398307800292969,0.12639808654785156,-6.468757629394531,-99.50762939453125,92.08448028564453,71.36907196044922,-7.398307800292969,0.12639808654785156,0.7827788649706457
3.363,0,-6.400147438049316,-99.44393920898438,92.11799621582031,71.15486145019531,-7.971626281738281,0.12178993225097656,-6.400147438049316,-99.44393920898438,92.11799621582031,71.15486145019531,-7.971626281738281,0.12178993225097656,0.7827788649706457
3.402,0,-6.4304351806640625,-99.61495208740234,92.1215591430664,71.26370239257812,-7.537223815917969,0.12517929077148438,-6.4304351806640625,-99.61495208740234,92.1215591430664,71.26370239257812,-7.537223815917969,0.12517929077148438,0.7827788649706457
3.428,0,-6.37070369720459,-99.50531005859375,92.16217041015625,70.96783447265625,-8.105262756347656,0.12728309631347656,-6.37070369720459,-99.50531005859375,92.16217041015625,70.96783447265625,-8.105262756347656,0.12728309631347656,0.7827788649706457
3.465,0,-6.4001312255859375,-99.5294189453125,92.12481689453125,71.17390441894531,-7.7337493896484375,0.13063621520996094,-6.4001312255859375,-99.5294189453125,92.12481689453125,71.17390441894531,-7.7337493896484375,0.13063621520996094,0.7827788649706457
3.500,0,-6.4234514236450195,-99.46260070800781,92.10790252685547,71.22649383544922,-7.886054992675781,0.12296104431152344,-6.4234514236450195,-99.46260070800781,92.10790252685547,71.22649383544922,-7.886054992675781,0.12296104431152344,0.7827788649706457
3.533,0,-6.376310348510742,-99.6288070678711,92.1617202758789,71.05840301513672,-7.7830352783203125,0.1452350616455078,-6.376310348510742,-99.6288070678711,92.1617202758789,71.05840301513672,-7.7830352783203125,0.1452350616455078,0.7827788649706457
3.564,0,-6.3358354568481445,-99.625732421875,92.17689514160156,70.98023223876953,-7.797538757324219,0.14801788330078125,-6.3358354568481445,-99.625732421875,92.17689514160156,70.98023223876953,-7.797538757324219,0.14801788330078125,0.7827788649706457
3.599,0,-6.341385841369629,-99.53138732910156,92.17665100097656,70.92798614501953,-8.156517028808594,0.12621498107910156,-6.341385841369629,-99.53138732910156,92.17665100097656,70.92798614501953,-8.156517028808594,0.12621498107910156,0.7827788649706457
3.629,0,-6.454962730407715,-99.51146697998047,92.0962142944336,71.3420181274414,-7.503578186035156,0.124237060546875,-6.454962730407715,-99.51146697998047,92.0962142944336,71.3420181274414,-7.503578186035156,0.124237060546875,0.7827788649706457
3.673,0,-6.421599388122559,-99.43598937988281,92.10110473632812,71.194580078125,-7.800537109375,0.12785720825195312,-6.421599388122559,-99.43598937988281,92.10110473632812,71.194580078125,-7.800537109375,0.12785720825195312,0.7827788649706457
3.705,0,-6.363842010498047,-99.63069915771484,92.17343139648438,71.00528717041016,-7.854133605957031,0.13606643676757812,-6.363842010498047,-99.63069915771484,92.17343139648438,71.00528717041016,-7.854133605957031,0.13606643676757812,0.7827788649706457
3.734,0,-6.3706464767456055,-99.52293395996094,92.1583023071289,71.10255432128906,-7.990867614746094,0.11704635620117188,-6.3706464767456055,-99.52293395996094,92.1583023071289,71.10255432128906,-7.990867614746094,0.11704635620117188,0.7827788649706457
3.770,0,-6.439632415771484,-99.53023529052734,92.11581420898438,71.19698333740234,-7.6216278076171875,0.1357097625732422,-6.439632415771484,-99.53023529052734,92.11581420898438,71.19698333740234,-7.6216278076171875,0.1357097625732422,0.7827788649706457
3.799,0,-6.412104606628418,-99.44388580322266,92.11830139160156,71.16311645507812,-7.9066619873046875,0.12493896484375,-6.412104606628418,-99.44388580322266,92.11830139160156,71.16311645507812,-7.9066619873046875,0.12493896484375,0.7827788649706457
3.830,0,-6.3912506103515625,-99.60201263427734,92.17337799072266,70.97509002685547,-7.817962646484375,0.14109420776367188,-6.3912506103515625,-99.60201263427734,92.17337799072266,70.97509002685547,-7.817962646484375,0.14109420776367188,0.7827788649706457
3.870,0,-6.350268363952637,-99.52499389648438,92.16849517822266,70.95923614501953,-8.13580322265625,0.12714385986328125,-6.350268363952637,-99.52499389648438,92.16849517822266,70.95923614501953,-8.13580322265625,0.12714385986328125,0.7827788649706457
3.897,0,-6.438875198364258,-99.52562713623047,92.09515380859375,71.26557159423828,-7.627769470214844,0.13254165649414062,-6.438875198364258,-99.52562713623047,92.09515380859375,71.26557159423828,-7.627769470214844,0.13254165649414062,0.7827788649706457
3.936,0,-6.371835708618164,-99.45570373535156,92.11589813232422,71.16006469726562,-7.7962493896484375,0.13366317749023438,-6.371835708618164,-99.45570373535156,92.11589813232422,71.16006469726562,-7.7962493896484375,0.13366317749023438,0.7827788649706457
3.966,0,-6.374194145202637,-99.62834930419922,92.16781616210938,71.03887176513672,-7.838470458984375,0.13953018188476562,-6.374194145202637,-99.62834930419922,92.16781616210938,71.03887176513672,-7.838470458984375,0.13953018188476562,0.7827788649706457
4.001,0,-6.377264976501465,-99.51319122314453,92.14295196533203,71.1176986694336,-7.86517333984375,0.12075042724609375,-6.377264976501465,-99.51319122314453,92.14295196533203,71.1176986694336,-7.86517333984375,0.12075042724609375,0.7827788649706457
4.032,0,-6.483348846435547,-99.51464080810547,92.07960510253906,71.4052734375,-7.4475555419921875,0.12280654907226562,-6.483348846435547,-99.51464080810547,92.07960510253906,71.4052734375,-7.4475555419921875,0.12280654907226562,0.7827788649706457
4.069,0,-6.409792900085449,-99.4454574584961,92.10918426513672,71.19316864013672,-7.969581604003906,0.12171363830566406,-6.409792900085449,-99.4454574584961,92.10918426513672,71.19316864013672,-7.969581604003906,0.12171363830566406,0.7827788649706457
4.099,0,-6.418373107910156,-99.5931396484375,92.11763763427734,71.25668334960938,-7.520301818847656,0.12912559509277344,-6.418373107910156,-99.5931396484375,92.11763763427734,71.25668334960938,-7.520301818847656,0.12912559509277344,0.7827788649706457
4.136,0,-6.383533477783203,-99.52045440673828,92.160400390625,71.08883666992188,-8.044059753417969,0.11669540405273438,-6.383533477783203,-99.52045440673828,92.160400390625,71.08883666992188,-8.044059753417969,0.11669540405273438,0.7827788649706457
4.167,0,-6.476092338562012,-99.5262680053711,92.08892059326172,71.36763763427734,-7.468223571777344,0.12435531616210938,-6.476092338562012,-99.5262680053711,92.08892059326172,71.36763763427734,-7.468223571777344,0.12435531616210938,0.7827788649706457
4.203,0,-6.3952226638793945,-99.44881439208984,92.11600494384766,71.1850357055664,-7.87811279296875,0.12602615356445312,-6.3952226638793945,-99.44881439208984,92.11600494384766,71.1850357055664,-7.87811279296875,0.12602615356445312,0.7827788649706457
4.240,0,-6.407892227172852,-99.60653686523438,92.12815856933594,71.22872161865234,-7.5987091064453125,0.12516403198242188,-6.407892227172852,-99.60653686523438,92.12815856933594,71.22872161865234,-7.5987091064453125,0.12516403198242188,0.7827788649706457
4.270,0,-6.369471549987793,-99.52588653564453,92.15849304199219,71.00247192382812,-8.0936279296875,0.12591934204101562,-6.369471549987793,-99.52588653564453,92.15849304199219,71.00247192382812,-8.0936279296875,0.12591934204101562,0.7827788649706457
4.304,0,-6.47477912902832,-99.5173568725586,92.08901977539062,71.35110473632812,-7.51666259765625,0.12118911743164062,-6.47477912902832,-99.5173568725586,92.08901977539062,71.35110473632812,-7.51666259765625,0.12118911743164062,0.7827788649706457
4.331,0,-6.414701461791992,-99.44346618652344,92.12006378173828,71.0534896850586,-7.980255126953125,0.1412677764892578,-6.414701461791992,-99.44346618652344,92.12006378173828,71.0534896850586,-7.980255126953125,0.1412677764892578,0.7827788649706457
4.372,0,-6.363096237182617,-99.63245391845703,92.1755142211914,70.99808502197266,-7.854698181152344,0.1426868438720703,-6.363096237182617,-99.63245391845703,92.1755142211914,70.99808502197266,-7.854698181152344,0.1426868438720703,0.7827788649706457
4.401,0,-6.380760192871094,-99.53022766113281,92.14618682861328,71.14260864257812,-7.9342803955078125,0.11786651611328125,-6.380760192871094,-99.53022766113281,92.14618682861328,71.14260864257812,-7.9342803955078125,0.11786651611328125,0.7827788649706457
4.437,0,-6.450901985168457,-99.50413513183594,92.10039520263672,71.31437683105469,-7.562957763671875,0.12075042724609375,-6.450901985168457,-99.50413513183594,92.10039520263672,71.31437683105469,-7.562957763671875,0.12075042724609375,0.7827788649706457
4.469,0,-6.405213356018066,-99.44483947753906,92.12419128417969,71.14042663574219,-8.00225830078125,0.1213531494140625,-6.405213356018066,-99.44483947753906,92.12419128417969,71.14042663574219,-8.00225830078125,0.1213531494140625,0.7827788649706457
4.504,0,-6.364967346191406,-99.61376953125,92.17169189453125,70.99988555908203,-7.745613098144531,0.14751434326171875,-6.364967346191406,-99.61376953125,92.17169189453125,70.99988555908203,-7.745613098144531,0.14751434326171875,0.7827788649706457
4.536,0,-6.356105804443359,-99.62152099609375,92.17652893066406,70.98699951171875,-7.863731384277344,0.14411354064941406,-6.356105804443359,-99.62152099609375,92.17652893066406,70.98699951171875,-7.863731384277344,0.14411354064941406,0.7827788649706457
4.579,0,-6.357815742492676,-99.5258560180664,92.13711547851562,71.16050720214844,-7.8670806884765625,0.12022972106933594,-6.357815742492676,-99.5258560180664,92.13711547851562,71.16050720214844,-7.8670806884765625,0.12022972106933594,0.7827788649706457
4.607,0,-6.457322120666504,-99.51883697509766,92.09086608886719,71.34721374511719,-7.441688537597656,0.1284637451171875,-6.457322120666504,-99.51883697509766,92.09086608886719,71.34721374511719,-7.441688537597656,0.1284637451171875,0.7827788649706457
4.639,0,-6.384869575500488,-99.43733215332031,92.13246154785156,71.00520324707031,-8.086807250976562,0.1400127410888672,-6.384869575500488,-99.43733215332031,92.13246154785156,71.00520324707031,-8.086807250976562,0.1400127410888672,0.7827788649706457
4.668,0,-6.384411811828613,-99.63335418701172,92.16778564453125,71.03462219238281,-7.795799255371094,0.13924217224121094,-6.384411811828613,-99.63335418701172,92.16778564453125,71.03462219238281,-7.795799255371094,0.13924217224121094,0.7827788649706457
4.707,0,-6.350738525390625,-99.53070068359375,92.16016387939453,71.09434509277344,-7.996665954589844,0.11937332153320312,-6.350738525390625,-99.53070068359375,92.16016387939453,71.09434509277344,-7.996665954589844,0.11937332153320312,0.7827788649706457
4.742,0,-6.444647789001465,-99.52054595947266,92.09159851074219,71.36172485351562,-7.495513916015625,0.12095451354980469,-6.444647789001465,-99.52054595947266,92.09159851074219,71.36172485351562,-7.495513916015625,0.12095451354980469,0.7827788649706457
4.770,0,-6.439115524291992,-99.43461608886719,92.10578155517578,71.1803207397461,-7.9134368896484375,0.12301445007324219,-6.439115524291992,-99.43461608886719,92.10578155517578,71.1803207397461,-7.9134368896484375,0.12301445007324219,0.7827788649706457
4.812,0,-6.403486251831055,-99.62032318115234,92.13594055175781,71.22038269042969,-7.622032165527344,0.12282562255859375,-6.403486251831055,-99.62032318115234,92.13594055175781,71.22038269042969,-7.622032165527344,0.12282562255859375,0.7827788649706457
4.833,0,-6.35560417175293,-99.51325225830078,92.17788696289062,70.91708374023438,-8.227127075195312,0.12240982055664062,-6.35560417175293,-99.51325225830078,92.17788696289062,70.91708374023438,-8.227127075195312,0.12240982055664062,0.7827788649706457
4.881,0,-6.463451385498047,-99.51805114746094,92.07122039794922,71.43428039550781,-7.423454284667969,0.12390518188476562,-6.463451385498047,-99.51805114746094,92.07122039794922,71.43428039550781,-7.423454284667969,0.12390518188476562,0.7827788649706457
4.902,0,-6.438952445983887,-99.43928527832031,92.09890747070312,71.21565246582031,-7.8117218017578125,0.1274261474609375,-6.438952445983887,-99.43928527832031,92.09890747070312,71.21565246582031,-7.8117218017578125,0.1274261474609375,0.7827788649706457
4.943,0,-6.392525672912598,-99.60885620117188,92.15044403076172,71.14895629882812,-7.731575012207031,0.12094497680664062,-6.392525672912598,-99.60885620117188,92.15044403076172,71.14895629882812,-7.731575012207031,0.12094497680664062,0.7827788649706457
4.970,0,-6.357169151306152,-99.51390075683594,92.16246795654297,70.97746276855469,-8.1361083984375,0.12574005126953125,-6.357169151306152,-99.51390075683594,92.16246795654297,70.97746276855469,-8.1361083984375,0.12574005126953125,0.7827788649706457
5.010,0,-6.458223342895508,-99.51732635498047,92.09031677246094,71.352294921875,-7.4526214599609375,0.12446784973144531,-6.458223342895508,-99.51732635498047,92.09031677246094,71.352294921875,-7.4526214599609375,0.12446784973144531,0.7827788649706457
5.035,0,-6.42198371887207,-99.43746948242188,92.09950256347656,71.22395324707031,-7.797645568847656,0.1291065216064453,-6.42198371887207,-99.43746948242188,92.09950256347656,71.22395324707031,-7.797645568847656,0.1291065216064453,0.7827788649706457
5.075,0,-6.387557029724121,-99.61676788330078,92.16592407226562,71.01345825195312,-7.855010986328125,0.14034080505371094,-6.387557029724121,-99.61676788330078,92.16592407226562,71.01345825195312,-7.855010986328125,0.14034080505371094,0.7827788649706457
5.106,0,-6.412850379943848,-99.50877380371094,92.14065551757812,71.1390609741211,-7.934043884277344,0.11890220642089844,-6.412850379943848,-99.50877380371094,92.14065551757812,71.1390609741211,-7.934043884277344,0.11890220642089844,0.7827788649706457
5.138,0,-6.411264419555664,-99.5281753540039,92.12425994873047,71.15523529052734,-7.6677703857421875,0.13394546508789062,-6.411264419555664,-99.5281753540039,92.12425994873047,71.15523529052734,-7.6677703857421875,0.13394546508789062,0.7827788649706457
5.170,0,-6.393313407897949,-99.44847106933594,92.12001037597656,71.17134094238281,-7.970695495605469,0.12569046020507812,-6.393313407897949,-99.44847106933594,92.12001037597656,71.17134094238281,-7.970695495605469,0.12569046020507812,0.7827788649706457
5.210,0,-6.421491622924805,-99.60539245605469,92.15676879882812,71.04560852050781,-7.852783203125,0.13578033447265625,-6.421491622924805,-99.60539245605469,92.15676879882812,71.04560852050781,-7.852783203125,0.13578033447265625,0.7827788649706457
5.243,0,-6.395050048828125,-99.50728607177734,92.13479614257812,71.15348052978516,-7.949378967285156,0.11635398864746094,-6.395050048828125,-99.50728607177734,92.13479614257812,71.15348052978516,-7.949378967285156,0.11635398864746094,0.7827788649706457
5.274,0,-6.420403480529785,-99.52979278564453,92.11103820800781,71.21243286132812,-7.677581787109375,0.13559722900390625,-6.420403480529785,-99.52979278564453,92.11103820800781,71.21243286132812,-7.677581787109375,0.13559722900390625,0.7827788649706457
5.318,0,-6.363683700561523,-99.45166778564453,92.14224243164062,70.9883041381836,-8.167335510253906,0.13444137573242188,-6.363683700561523,-99.45166778564453,92.14224243164062,70.9883041381836,-8.167335510253906,0.13444137573242188,0.7827788649706457
5.336,0,-6.390219688415527,-99.64009094238281,92.17587280273438,71.02983093261719,-7.8240203857421875,0.1391620635986328,-6.390219688415527,-99.64009094238281,92.17587280273438,71.02983093261719,-7.8240203857421875,0.1391620635986328,0.7827788649706457
5.377,0,-6.377958297729492,-99.52318572998047,92.13992309570312,71.14883422851562,-7.865509033203125,0.12042617797851562,-6.377958297729492,-99.52318572998047,92.13992309570312,71.14883422851562,-7.865509033203125,0.12042617797851562,0.7827788649706457
5.407,0,-6.460089683532715,-99.50752258300781,92.09078979492188,71.34651947021484,-7.5178680419921875,0.12257957458496094,-6.460089683532715,-99.50752258300781,92.09078979492188,71.34651947021484,-7.5178680419921875,0.12257957458496094,0.7827788649706457
5.442,0,-6.381477355957031,-99.43241119384766,92.12657165527344,71.11123657226562,-7.9813232421875,0.1276397705078125,-6.381477355957031,-99.43241119384766,92.12657165527344,71.11123657226562,-7.9813232421875,0.1276397705078125,0.7827788649706457
5.472,0,-6.381267547607422,-99.60287475585938,92.14334106445312,71.16349029541016,-7.819587707519531,0.11780929565429688,-6.381267547607422,-99.60287475585938,92.14334106445312,71.16349029541016,-7.819587707519531,0.11780929565429688,0.7827788649706457
5.510,0,-6.356930732727051,-99.5126953125,92.17391967773438,70.91962432861328,-8.152114868164062,0.12819290161132812,-6.356930732727051,-99.5126953125,92.17391967773438,70.91962432861328,-8.152114868164062,0.12819290161132812,0.7827788649706457
5.544,0,-6.44450569152832,-99.50895690917969,92.09175109863281,71.35575866699219,-7.5233917236328125,0.1251068115234375,-6.44450569152832,-99.50895690917969,92.09175109863281,71.35575866699219,-7.5233917236328125,0.1251068115234375,0.7827788649706457
5.584,0,-6.350050926208496,-99.42784118652344,92.15191650390625,70.92340087890625,-8.249076843261719,0.1355438232421875,-6.350050926208496,-99.42784118652344,92.15191650390625,70.92340087890625,-8.249076843261719,0.1355438232421875,0.7827788649706457
5.603,0,-6.371933937072754,-99.61368560791016,92.17478942871094,70.97952270507812,-7.87457275390625,0.14051246643066406,-6.371933937072754,-99.61368560791016,92.17478942871094,70.97952270507812,-7.87457275390625,0.14051246643066406,0.7827788649706457
5.645,0,-6.351820945739746,-99.53707122802734,92.17556762695312,70.95173645019531,-8.159751892089844,0.1222686767578125,-6.351820945739746,-99.53707122802734,92.17556762695312,70.95173645019531,-8.159751892089844,0.1222686767578125,0.7827788649706457
5.676,0,-6.443632125854492,-99.53496551513672,92.08856201171875,71.39398193359375,-7.48553466796875,0.12295341491699219,-6.443632125854492,-99.53496551513672,92.08856201171875,71.39398193359375,-7.48553466796875,0.12295341491699219,0.7827788649706457
5.713,0,-6.450397491455078,-99.45047760009766,92.08889770507812,71.28575897216797,-7.79241943359375,0.12658119201660156,-6.450397491455078,-99.45047760009766,92.08889770507812,71.28575897216797,-7.79241943359375,0.12658119201660156,0.7827788649706457
5.739,0,-6.399066925048828,-99.62581634521484,92.16250610351562,71.04706573486328,-7.686622619628906,0.14467620849609375,-6.399066925048828,-99.62581634521484,92.16250610351562,71.04706573486328,-7.686622619628906,0.14467620849609375,0.7827788649706457
5.782,0,-6.395743370056152,-99.5303955078125,92.14716339111328,71.14241027832031,-7.892738342285156,0.119171142578125,-6.395743370056152,-99.5303955078125,92.14716339111328,71.14241027832031,-7.892738342285156,0.119171142578125,0.7827788649706457
5.807,0,-6.443275451660156,-99.52531433105469,92.08807373046875,71.37051391601562,-7.402656555175781,0.1263141632080078,-6.443275451660156,-99.52531433105469,92.08807373046875,71.37051391601562,-7.402656555175781,0.1263141632080078,0.7827788649706457
5.845,0,-6.435503959655762,-99.44602966308594,92.11528778076172,71.18894958496094,-7.913421630859375,0.12467384338378906,-6.435503959655762,-99.44602966308594,92.11528778076172,71.18894958496094,-7.913421630859375,0.12467384338378906,0.7827788649706457
5.874,0,-6.452227592468262,-99.6194839477539,92.12139892578125,71.27864074707031,-7.524238586425781,0.12279510498046875,-6.452227592468262,-99.6194839477539,92.12139892578125,71.27864074707031,-7.524238586425781,0.12279510498046875,0.7827788649706457
5.911,0,-6.400805473327637,-99.51363372802734,92.1482162475586,71.12503814697266,-7.908943176269531,0.11954498291015625,-6.400805473327637,-99.51363372802734,92.1482162475586,71.12503814697266,-7.908943176269531,0.11954498291015625,0.7827788649706457
5.942,0,-6.482824325561523,-99.52672576904297,92.0835189819336,71.3960952758789,-7.416786193847656,0.12404060363769531,-6.482824325561523,-99.52672576904297,92.0835189819336,71.3960952758789,-7.416786193847656,0.12404060363769531,0.7827788649706457
5.978,0,-6.4592390060424805,-99.4544677734375,92.1043701171875,71.24333190917969,-7.881248474121094,0.1220855712890625,-6.4592390060424805,-99.4544677734375,92.1043701171875,71.24333190917969,-7.881248474121094,0.1220855712890625,0.7827788649706457
6.010,0,-6.403413772583008,-99.6242446899414,92.16828918457031,71.04180908203125,-7.8175506591796875,0.1394519805908203,-6.403413772583008,-99.6242446899414,92.16828918457031,71.04180908203125,-7.8175506591796875,0.1394519805908203,0.7827788649706457
6.043,0,-6.34495735168457,-99.52255249023438,92.17880249023438,70.92096710205078,-8.139114379882812,0.12947654724121094,-6.34495735168457,-99.52255249023438,92.17880249023438,70.92096710205078,-8.139114379882812,0.12947654724121094,0.7827788649706457
6.078,0,-6.439109802246094,-99.54073333740234,92.1110610961914,71.22319793701172,-7.5998382568359375,0.13269424438476562,-6.439109802246094,-99.54073333740234,92.1110610961914,71.22319793701172,-7.5998382568359375,0.13269424438476562,0.7827788649706457
6.119,0,-6.445929527282715,-99.46701049804688,92.10710144042969,71.22618865966797,-7.820892333984375,0.12455940246582031,-6.445929527282715,-99.46701049804688,92.10710144042969,71.22618865966797,-7.820892333984375,0.12455940246582031,0.7827788649706457
6.143,0,-6.437196731567383,-99.6021499633789,92.12089538574219,71.24406433105469,-7.500114440917969,0.12986183166503906,-6.437196731567383,-99.6021499633789,92.12089538574219,71.24406433105469,-7.500114440917969,0.12986183166503906,0.7827788649706457
6.190,0,-6.422551155090332,-99.50016784667969,92.13772583007812,71.14966583251953,-7.946479797363281,0.11505889892578125,-6.422551155090332,-99.50016784667969,92.13772583007812,71.14966583251953,-7.946479797363281,0.11505889892578125,0.7827788649706457
6.208,0,-6.452773094177246,-99.53278350830078,92.10063171386719,71.26757049560547,-7.629661560058594,0.13145828247070312,-6.452773094177246,-99.53278350830078,92.10063171386719,71.26757049560547,-7.629661560058594,0.13145828247070312,0.7827788649706457
6.246,0,-6.403860092163086,-99.45429992675781,92.14002227783203,71.01947021484375,-8.140060424804688,0.13419151306152344,-6.403860092163086,-99.45429992675781,92.14002227783203,71.01947021484375,-8.140060424804688,0.13419151306152344,0.7827788649706457
6.284,0,-6.42342472076416,-99.62244415283203,92.12801361083984,71.25189971923828,-7.610374450683594,0.12294960021972656,-6.42342472076416,-99.62244415283203,92.12801361083984,71.25189971923828,-7.610374450683594,0.12294960021972656,0.7827788649706457
6.311,0,-6.421504974365234,-99.51776123046875,92.14242553710938,71.16136169433594,-7.963348388671875,0.11528396606445312,-6.421504974365234,-99.51776123046875,92.14242553710938,71.16136169433594,-7.963348388671875,0.11528396606445312,0.7827788649706457
6.350,0,-6.463444709777832,-99.52731323242188,92.08592224121094,71.39310455322266,-7.455039978027344,0.12331581115722656,-6.463444709777832,-99.52731323242188,92.08592224121094,71.39310455322266,-7.455039978027344,0.12331581115722656,0.7827788649706457
6.379,0,-6.45196533203125,-99.44945526123047,92.09823608398438,71.24723052978516,-7.863517761230469,0.12289047241210938,-6.45196533203125,-99.44945526123047,92.09823608398438,71.24723052978516,-7.863517761230469,0.12289047241210938,0.7827788649706457
6.413,0,-6.411511421203613,-99.61962127685547,92.15373992919922,71.0843734741211,-7.749053955078125,0.14012908935546875,-6.411511421203613,-99.61962127685547,92.15373992919922,71.0843734741211,-7.749053955078125,0.14012908935546875,0.7827788649706457
6.448,0,-6.385254859924316,-99.5204849243164,92.15434265136719,71.09215545654297,-7.971107482910156,0.11939239501953125,-6.385254859924316,-99.5204849243164,92.15434265136719,71.09215545654297,-7.971107482910156,0.11939239501953125,0.7827788649706457
6.481,0,-6.330742835998535,-99.58948516845703,92.12431335449219,71.37875366210938,-7.9348297119140625,0.09869003295898438,-6.330742835998535,-99.58948516845703,92.12431335449219,71.37875366210938,-7.9348297119140625,0.09869003295898438,0.7827788649706457
6.511,0,-6.442452430725098,-99.43986511230469,92.11080932617188,71.18660736083984,-7.977020263671875,0.12177467346191406,-6.442452430725098,-99.43986511230469,92.11080932617188,71.18660736083984,-7.977020263671875,0.12177467346191406,0.7827788649706457
6.549,0,-6.433588981628418,-99.60128784179688,92.12007904052734,71.30120849609375,-7.6797332763671875,0.119049072265625,-6.433588981628418,-99.60128784179688,92.12007904052734,71.30120849609375,-7.6797332763671875,0.119049072265625,0.7827788649706457
6.578,0,-6.394172668457031,-99.51634216308594,92.13517761230469,71.1780014038086,-7.9261016845703125,0.11742973327636719,-6.394172668457031,-99.51634216308594,92.13517761230469,71.1780014038086,-7.9261016845703125,0.11742973327636719,0.7827788649706457
6.616,0,-6.271327018737793,-99.59125518798828,92.13841247558594,71.35660552978516,-7.9539031982421875,0.09809684753417969,-6.271327018737793,-99.59125518798828,92.13841247558594,71.35660552978516,-7.9539031982421875,0.09809684753417969,0.7827788649706457
6.646,0,-6.419149398803711,-99.44872283935547,92.13296508789062,71.02798461914062,-8.083061218261719,0.13709259033203125,-6.419149398803711,-99.44872283935547,92.13296508789062,71.02798461914062,-8.083061218261719,0.13709259033203125,0.7827788649706457
6.683,0,-6.372693061828613,-99.6446304321289,92.17243194580078,71.03150177001953,-7.819580078125,0.14234352111816406,-6.372693061828613,-99.6446304321289,92.17243194580078,71.03150177001953,-7.819580078125,0.14234352111816406,0.7827788649706457
6.713,0,-6.361458778381348,-99.52686309814453,92.16653442382812,70.966796875,-8.12664794921875,0.12795257568359375,-6.361458778381348,-99.52686309814453,92.16653442382812,70.966796875,-8.12664794921875,0.12795257568359375,0.7827788649706457
6.746,0,-6.341870307922363,-99.57955169677734,92.11775970458984,71.41641998291016,-7.915992736816406,0.09877204895019531,-6.341870307922363,-99.57955169677734,92.11775970458984,71.41641998291016,-7.915992736816406,0.09877204895019531,0.7827788649706457
6.786,0,-6.432645797729492,-99.43896484375,92.11451721191406,71.18560028076172,-7.9053802490234375,0.12470054626464844,-6.432645797729492,-99.43896484375,92.11451721191406,71.18560028076172,-7.9053802490234375,0.12470054626464844,0.7827788649706457
6.811,0,-6.427243232727051,-99.62232971191406,92.15436553955078,71.09160614013672,-7.7648468017578125,0.14097213745117188,-6.427243232727051,-99.62232971191406,92.15436553955078,71.09160614013672,-7.7648468017578125,0.14097213745117188,0.7827788649706457
6.852,0,-6.3875322341918945,-99.51960754394531,92.13849639892578,71.15272521972656,-7.958221435546875,0.11656761169433594,-6.3875322341918945,-99.51960754394531,92.13849639892578,71.15272521972656,-7.958221435546875,0.11656761169433594,0.7827788649706457
6.880,0,-6.261768341064453,-99.58377075195312,92.17912292480469,71.14569091796875,-8.270332336425781,0.0967864990234375,-6.261768341064453,-99.58377075195312,92.17912292480469,71.14569091796875,-8.270332336425781,0.0967864990234375,0.7827788649706457
6.918,0,-6.410877227783203,-99.45401763916016,92.1103515625,71.20042419433594,-7.892082214355469,0.12548255920410156,-6.410877227783203,-99.45401763916016,92.1103515625,71.20042419433594,-7.892082214355469,0.12548255920410156,0.7827788649706457
