episode_index,reviewed,episode_note,closing_start_frame,closing_end_frame,closing_note,lift_start_frame,lift_start_note,release_start_frame,release_end_frame,release_note
0,True,,182,228,,235,,336,362,
1,True,,172,204,,206,,316,342,
2,True,,187,220,,250,,354,392,
3,True,,224,274,,276,,399,429,
4,True,,224,282,,288,,384,408,
5,True,,209,263,,265,,374,409,
6,True,,208,270,,272,,395,422,
7,True,,188,224,,250,,385,416,
8,True,,195,236,,255,,387,415,
9,True,,190,218,,241,,381,407,
10,True,,276,312,,319,,460,478,
11,True,,215,236,,266,,381,403,
12,True,,198,242,,246,,384,417,
13,True,,227,267,,269,,422,449,
14,True,,209,243,,280,,414,438,
15,True,,226,256,,284,,395,424,
16,True,,222,247,,269,,398,421,
17,True,,188,234,,238,,393,425,
18,True,,236,258,,289,,419,448,
19,True,,236,254,,274,,417,447,
20,True,,218,248,,272,,404,423,
21,True,,191,214,,233,,399,419,
22,True,,203,242,,263,,411,435,
23,True,,224,250,,267,,416,444,
24,True,,173,214,,236,,399,425,
25,True,,224,247,,266,,419,447,
26,True,,180,222,,252,,403,438,
27,True,,206,232,,251,,431,473,
28,True,,231,256,,281,,429,459,
29,True,,210,235,,254,,406,426,
30,True,,199,238,,252,,429,448,
31,True,,201,237,,246,,417,441,
32,True,,201,240,,250,,420,455,
33,True,,227,252,,269,,449,483,
34,True,,236,260,,272,,414,447,
35,True,,227,247,,260,,449,483,
36,True,,262,289,,303,,459,498,
37,True,,161,181,,200,,348,375,
38,True,,246,277,,289,,436,460,
39,True,,239,295,,305,,478,508,
40,True,,218,263,,271,,421,456,
41,True,,232,261,,305,,452,480,
42,True,,243,280,,302,,458,487,
43,True,,225,267,,299,,446,483,
44,True,,228,264,,272,,459,481,
45,True,,232,285,,319,,467,498,
46,True,,233,274,,283,,457,495,
47,True,,191,244,,264,,422,451,
48,True,,246,304,,305,,492,527,
49,True,,246,307,,320,,480,517,
50,True,,238,275,,285,,437,493,
51,True,,227,247,,252,,431,487,
52,True,,233,258,,287,,431,479,
53,True,,266,289,,316,,477,519,
54,True,,259,285,,291,,463,494,
55,True,,233,265,,267,,459,499,
56,True,,219,271,,272,,458,494,
57,True,,214,250,,260,,416,464,
58,True,,262,295,,314,,476,515,
59,True,,224,268,,277,,476,517,
